symbol,config,spread_mult,n,win_rate,avg_R,total_R,avg_win_R,avg_loss_R,profit_factor,t_stat,worst_mae_R
US100,"N=5,tR=None,entry=candle",1.0,1406,0.22261735419630158,0.11305621656150013,158.95704048546918,4.0188010365437075,-1.0054233156017485,1.1446474074742752,1.542241786977934,-1.9351270967073735
US100,"N=5,tR=None,entry=candle",1.5,1406,0.22048364153627312,0.09370843147781667,131.75405465781023,3.973196566551189,-1.0035920446834474,1.119783286602095,1.302817249985675,-1.8047182646840247
US100,"N=5,tR=3,entry=candle",1.0,1406,0.29445234708392604,0.043183502339892973,60.716004289889526,2.5575481997287244,-1.006158216126817,1.0608310388016164,0.9624812001746654,-1.3378373891344415
US100,"N=5,tR=3,entry=candle",1.5,1406,0.2937411095305832,0.03069839437776578,43.16194249513869,2.5238629681512417,-1.0062371232138207,1.0431967822831552,0.6910640231132524,-1.3321159539442806
US100,"N=5,tR=10,entry=candle",1.0,1406,0.22901849217638692,0.169661468119155,238.54402417553194,4.121716902278207,-1.0042885778210802,1.2191193524972679,2.3357679367969806,-1.3378373891344415
US100,"N=5,tR=10,entry=candle",1.5,1406,0.22688477951635846,0.14926673463678908,209.86902889932543,4.074209470880383,-1.0025793857511658,1.1925750583544812,2.0912652934260914,-1.3321159539442806
US100,"N=15,tR=None,entry=candle",1.0,1399,0.2873481057898499,-0.0020843237044923975,-2.9159688625848643,2.369928433442617,-0.9585027072282016,0.9969486334573657,-0.03910026607245511,-2.609550343257974
US100,"N=15,tR=None,entry=candle",1.5,1399,0.28663330950679056,-0.00931809620854867,-13.036016595759587,2.3512302533767495,-0.9577949380759883,0.98636227823071,-0.17629617936889058,-2.384328438632527
US100,"N=15,tR=3,entry=candle",1.0,1399,0.32165832737669764,-0.0070204477152646955,-9.821606353655309,1.9945860029981022,-0.956148901688937,0.9891759252984598,-0.17213926596392418,-1.455902675415535
US100,"N=15,tR=3,entry=candle",1.5,1399,0.320228734810579,-0.0166498383185028,-23.29312380758542,1.976616589664845,-0.955643907442099,0.9743698514840381,-0.4115034657379451,-1.5321574150999586
US100,"N=15,tR=10,entry=candle",1.0,1399,0.28806290207290924,-0.009491946872290387,-13.27923367433425,2.3318571094017986,-0.9568450288787742,0.986066119875569,-0.18705640850521768,-1.455902675415535
US100,"N=15,tR=10,entry=candle",1.5,1399,0.2873481057898499,-0.017278316363392693,-24.172364592386376,2.3117478984298936,-0.9563641120974962,0.974648672419453,-0.3435113216254287,-1.5321574150999586
US100,"N=30,tR=None,entry=candle",1.0,1405,0.35373665480427047,-0.00854316562506729,-12.003147703219543,1.6583233489799118,-0.9209139340817574,0.9856454276831855,-0.19772199252612926,-10.651283839833269
US100,"N=30,tR=None,entry=candle",1.5,1405,0.35231316725978645,-0.014379419830825088,-20.20308486230925,1.6495957460139998,-0.9195087682848779,0.9758553774339808,-0.3350710018148474,-10.472417215454769
US100,"N=30,tR=3,entry=candle",1.0,1405,0.37295373665480425,0.009935464136877488,13.95932711231287,1.569860660261532,-0.917874754670522,1.0172625579995007,0.26275843284968914,-10.651283839833269
US100,"N=30,tR=3,entry=candle",1.5,1405,0.3715302491103203,0.004200923006335257,5.902296823901036,1.5615271484501922,-0.9164381366558316,1.0072938560679932,0.11177521451182493,-10.472417215454769
US100,"N=30,tR=10,entry=candle",1.0,1405,0.3551601423487544,0.001750824204220293,2.4599080069295116,1.676547500228983,-0.9206813406261956,1.0029490445072202,0.04047361747814366,-10.651283839833269
US100,"N=30,tR=10,entry=candle",1.5,1405,0.35373665480427047,-0.004290863785529019,-6.028663618668272,1.6673502391518868,-0.9192750357677931,0.9927774636326955,-0.09990250131544766,-10.472417215454769
US100,"N=15,tR=None,entry=breakout",1.0,1168,0.3724315068493151,0.038490765339422736,44.95721391644576,1.6544795985973066,-0.9205203430741918,1.0666288049791934,0.8328462287402646,-7.624578505798769
US100,"N=15,tR=None,entry=breakout",1.5,1169,0.3721129170230967,0.03556548993079592,41.57605772910043,1.6503657288542575,-0.9214346516655335,1.0614727591573996,0.770758783478259,-7.638825669640023
US100,"N=15,tR=3,entry=breakout",1.0,1168,0.3809931506849315,0.033063182438008265,38.61779708759365,1.583094477961744,-0.9209671446824099,1.057996937554698,0.7947818159322055,-7.624578505798769
US100,"N=15,tR=3,entry=breakout",1.5,1169,0.3806672369546621,0.030565298488391617,35.7308339329298,1.5801666726412518,-0.9218830599342916,1.0535338837594683,0.7355085165142701,-7.638825669640023
US100,"N=15,tR=10,entry=breakout",1.0,1168,0.3724315068493151,0.0405278593667134,47.33653974032126,1.6599493131349514,-0.9205203430741918,1.0701550830220363,0.8706349066987973,-7.624578505798769
US100,"N=15,tR=10,entry=breakout",1.5,1169,0.3721129170230967,0.037611162312702805,43.96744874354958,1.6558631794621865,-0.9214346516655335,1.0650085778932752,0.8092056705350748,-7.638825669640023
US500,"N=5,tR=None,entry=candle",1.0,1258,0.18680445151033387,-0.004400394728417332,-5.535696568349003,4.406226576695792,-1.0175942737945842,0.994682322580247,-0.059106066057766395,-1.5945326973215925
US500,"N=5,tR=None,entry=candle",1.5,1258,0.18282988871224165,-0.04272028527244793,-53.742118872739496,4.31994799751334,-1.018803655934638,0.9486865546200532,-0.5904967101879134,-1.5453094922587571
US500,"N=5,tR=3,entry=candle",1.0,1258,0.2845786963434022,0.018896129786334998,23.771331271209426,2.6276615767824656,-1.018812792463237,1.025924871082041,0.3987556363612006,-1.5945326973215925
US500,"N=5,tR=3,entry=candle",1.5,1258,0.27980922098569155,-0.015402934202774653,-19.376891227090514,2.5708878730509035,-1.0202311507075148,0.9790368122505256,-0.33185565141664014,-1.5453094922587571
US500,"N=5,tR=10,entry=candle",1.0,1258,0.1915739268680445,0.030983175022535767,38.976834178349996,4.453757906175184,-1.0170883197737162,1.037681392328548,0.42999228740775136,-1.5945326973215925
US500,"N=5,tR=10,entry=candle",1.5,1258,0.1875993640699523,-0.009866651112915957,-12.412247100048274,4.3573114956123185,-1.0183344031942814,0.9880736074193385,-0.14097650056414834,-1.5453094922587571
US500,"N=15,tR=None,entry=candle",1.0,1257,0.25218774860779636,-0.024800398646739295,-31.174101098951294,2.841728292039505,-0.9914914571015685,0.9665514643603101,-0.2929894468312152,-4.239012880230152
US500,"N=15,tR=None,entry=candle",1.5,1257,0.24741447891805887,-0.0705228831893534,-88.64726416901723,2.7272565792908265,-0.9903002751886516,0.9053746931542981,-1.0027657536387529,-3.497965805943787
US500,"N=15,tR=3,entry=candle",1.0,1257,0.29196499602227527,-0.09985427066038402,-125.51681822010272,2.0667169227183693,-0.9932605942221844,0.8580129588831461,-2.3524321797929777,-2.2741172731668997
US500,"N=15,tR=3,entry=candle",1.5,1257,0.28957836117740654,-0.11614383264054867,-145.99279762916967,2.031573667197208,-0.9915852323504517,0.8351268551740687,-2.7797233956321032,-2.1837003465379534
US500,"N=15,tR=10,entry=candle",1.0,1257,0.25218774860779636,-0.10249020863855156,-128.8301922586593,2.542159723687868,-0.9943561964550143,0.8621687112641725,-1.8800625436151268,-2.2741172731668997
US500,"N=15,tR=10,entry=candle",1.5,1257,0.24741447891805887,-0.1312536706840575,-164.98586404986025,2.48711937479139,-0.9920507289746113,0.8241988472035237,-2.4821156446803005,-2.1837003465379534
US500,"N=30,tR=None,entry=candle",1.0,1266,0.3167456556082148,-0.00551135836794946,-6.977379693824016,2.032107979332434,-0.9501187045157574,0.9915101819721924,-0.10562410330348199,-5.189325021619517
US500,"N=30,tR=None,entry=candle",1.5,1266,0.31516587677725116,-0.021143585921707005,-26.767779776881067,2.003872517133379,-0.953071411895155,0.9676057588841976,-0.41111541124025813,-5.1790786648649245
US500,"N=30,tR=3,entry=candle",1.0,1266,0.33649289099526064,-0.03548328253573782,-44.92183569024408,1.7545169085217727,-0.943269093714904,0.9433052814111572,-0.8796679839180718,-2.1472426963553213
US500,"N=30,tR=3,entry=candle",1.5,1266,0.334913112164297,-0.04963022772410636,-62.831868298718646,1.7308637220417151,-0.9462210052783917,0.9211366361982257,-1.243028257746107,-2.1284652078171287
US500,"N=30,tR=10,entry=candle",1.0,1266,0.3183254344391785,0.014317923299695934,18.126490897415053,2.0787108747191216,-0.9497033506539871,1.0221164272589536,0.2758925111711698,-5.189325021619517
US500,"N=30,tR=10,entry=candle",1.5,1266,0.3167456556082148,-0.001529991759732131,-1.9369695678208778,2.0501836792544155,-0.9526712427154237,0.9976494817138714,-0.029889459199832966,-5.1790786648649245
US500,"N=15,tR=None,entry=breakout",1.0,1093,0.32936870997255263,-0.012773623709732965,-13.96157071473813,1.9126034241062686,-0.9583885448744814,0.9801258441333918,-0.247959379997678,-1.7834807234857795
US500,"N=15,tR=None,entry=breakout",1.5,1093,0.3266239707227813,-0.02312947963097835,-25.280521236659336,1.9098304619858264,-0.9607201034858687,0.9642470953149525,-0.4498894792310175,-1.797219684671593
US500,"N=15,tR=3,entry=breakout",1.0,1093,0.3394327538883806,-0.03933794630217227,-42.996375308274295,1.7498228107059624,-0.9586989447093993,0.9378827246200819,-0.906376751922201,-1.7834807234857795
US500,"N=15,tR=3,entry=breakout",1.5,1093,0.3366880146386093,-0.048839236392611035,-53.38128537712386,1.7482943526955197,-0.9610394581642414,0.9233857064708813,-1.1267133130520501,-1.797219684671593
US500,"N=15,tR=10,entry=breakout",1.0,1093,0.32936870997255263,-0.012936097338478239,-14.139154390956715,1.9121101361167727,-0.9583885448744814,0.9798730555516022,-0.2517787572603656,-1.7834807234857795
US500,"N=15,tR=10,entry=breakout",1.5,1093,0.3266239707227813,-0.0232452964945878,-25.407109068584464,1.9094758742213305,-0.9607201034858687,0.9640680688365528,-0.4532683224001504,-1.797219684671593
